age_group,0,1
18-25,0.9804163726182075,0.01958362738179252
26-35,0.8091697645600991,0.19083023543990088
36-45,0.6482758620689655,0.35172413793103446
46-55,0.5983776645915865,0.4016223354084135
56-65,0.6783378222393228,0.3216621777606772
65+,0.7747318235995232,0.22526817640047675
