race,0,1
Amer-Indian-Eskimo,0.8811188811188811,0.11888111888111888
Asian-Pac-Islander,0.7229050279329609,0.2770949720670391
Black,0.8700745473908413,0.1299254526091587
Other,0.9090909090909091,0.09090909090909091
White,0.7362819573516369,0.26371804264836307
