sex,0,1
Female,0.8863218155796361,0.11367818442036394
Male,0.686162904808636,0.3138370951913641
